1 jika penolakan terhadap omnibus law hanya dalam bentuk pernyataan saja seperti yang dilakukan beberapa ormas dan pihak lain tidak akan ada artinya tanpa diikuti tindakan nyata yang mesti dilakukan adalah power pressure people,positive
1 mengutip prof pakar hukum tata negara jika anda tidak peduli uu omnibus law dan anda berfikir kalau uu tersebut hanya merugikan kaum buruh anda salah besar ada beberapa point dari uu ini yang sangat merugikan hak warga sipil seperti kita,negative
1 omnibuslaw umkm memberi manfaat bagi pelaku umkm dalam hal perizinan umkm bakal merasakan kemudahan dan kepastian dalam proses perizinan melalui oss online single submission,positive
2 dari 11 klaster uu omnibus law yang memperoleh penolakan keras itu dari sektor buruh apakah tidak lebih baik pemerintah pada hal-hal yang substansial di uu 13 2003 diadopsi saja ke uu omnibus law jika seperti penjelasan tidak ada hak2 buruh yang diabaikan,negative
8 apakah buruh bertindak anarkhis demo buruh menentang uu omnibus law sudah berbulan2 slm ini aman tertib  terkendala itu karena buruh tidak mau ditunggangi oleh kelompok kepentingan bisa rusuh bisa saja ada kelompok yg disusupkan,positive
ada anak sma sadarlah mau itu omnibus law ruu kuhp atau lainnya dibalik itu semua aktor oposisi pemerintah sudah siap dengan bara api utk dilempar ke pion2 di akar rumput re,positive
ada apa setelah rusuh baru bersih bersih hoax klo hukum pidana bersihin setelah aksi namanya hilangkan alat bukti klo it menghapus jejak digital,negative
ada api karena ada asap bentar lg media yang beritakan perlu disweeping biar transparansi media tidak milik rezim karena omnibuslaw lah masyarakat dikhianati rasa dikhianatin penguasa menjadikan mossi tidak percaya rakyat thdp presidennya yang lempar batu sembunyi dr masa pendemo,negative
ada banyak dm yang masuk menanyakan tentang beberapa tulisan saya yang terkesan membela aksi demo demi alloh saya meyakini bhw demo bukanlah manhaj dakwah salaf tapi tidak bisa dipungkiri bhw aksi demo menolak uu omnibus law telah mengarah kpd kerusakan korban jiwa situasi ini,negative
ada banyak yang sebarkan baru satu yang ditangkap ampun polisi kita satu hal yang buat saya sangat kecewa di pemerintahan adalah soal penegakan hukum lambat bahkan terkesan dibiarkan sepertinya takut,negative
ada cara peluang utk judicial review ke mk jka tidak stuju dengan pngesahan draft ruu omnibus law itu jngan mau dperalat oknum2 yang haus kekuasan dengan cara mnghalalkan smua cara seperti cara barbar dengan demo anarkis sadarlah bhw yang kalian lakukan salah besar krn mendukung oknum biadab,negative
ada kemungkinan akan terus berlanjut dilihat dari banyak kerusuhan dan tindakan aparat yang berlebihan ditambah presiden dan para dpr yang entah kemana mosi tidak percaya sudah dikeluarkan cabut omnibus law dan segera mundur dari jabatan saja,negative
ada lo politikus yang nolak omnibus law tapi parpolnya setuju wkwkw elahhhhh kalo tidak setuju kenapa tidak dari awal bgst giliran begini baru dah tai ledik,positive
ada orang yang idupnya cuman pengen nyambung nyawa fasum jadi alat utama dirusak ama jamet jamet kontol gajelas kontra omnibus law tapi nge kritik pengrusakan fasum tidak bakal nge delegitimasi perjuangan kelan semua bangsat,negative
ada orang yang ikut ikutan demo tolak ruu omnibus law tiba ditanya udah dibaca belum uu nya belom malah marah syalalala,positive
ada orang2 yang tidak tega liat post yang berbau anarkis2 siapa tau teman anda sengaja gamau post yang begitu dan emangnya ada brp banyak kontak kpopers dihp anda temen2 saya mayoritas speak up di story nya dari saat omnibuslaw disahkan,negative
ada seorang menteri mengatakan dia tahu siapa yang membiayai demo menolak omnibus law pada saat yang sama wajar kalau kemudian ada yang mengatakan rakyat pun tahu siapa yang membiayai pengesahan omnibus law terkesan buru buru cepat sekali seperti sedang kejar setoran,negative
ada tuh pak ridwan kamil yang sudah menyurati dpr untuk menyampaikan aspirasi rakyat yang menolak omnibuslaw tapi pak rk masih aja diserang karena beliau hanya menyampaikan aspirasi rakyat tetapi beliau sendiri sebagai pribadi tidak melakukan penolakan terhadap omnibus,negative
ada yang ngomong baca uu omnibus law dulu baru protes dpr yang sepakati aja gak baca buktinya banyak yang kagetlah gak kebagian draflah trus kalian bilang mahasiswa harus baca dpr goblok kok yang di serang mahasiswa dan buruh,negative
ada yang sarankan persoalan uu omnibus law dibawa aja ke mk ternyata memang jurus ini sudah dipersiapkan jokowi sejak jauh hari,positive
adanya hal hal janggal dalam penolakan omnibuslaw menandakan bahwa pejabat negara ini sedang dibonekakan,negative
airlangga bangsaat bangeeet loe udah tau lg pademi maksa membahas uu omnibuslaw kami tau disponsori cukong laknatuallah yang sudah banyak menyusahkan rakyat indonesia tapi kalian sma msh ngejagong bae mundurlah drpd mati menggenaskan,negative
aji menilai omnibus law rugikan pekerja dan ancam demokratisasi penyiaran,negative
akhirnya sadar juga setelah demo bakar bakar halte bahwa sejatinya omnibus law tujuannya baik tapi ada segelintir pasal yg bermasalah itu yg harus disorot bukan asal teriak teriak dan bakar halte,positive
aksi tolak omnibus law,negative
aku gak tau kalau omnibus law juga ada aturan ini kesel banget ya ampun apa apa diatur semua,negative
aku sudah tonton diskusi pak fb setuju wewenang izin berlebihan di pemda itu sumber korupsi bukan berarti pemerintah pusat tidak korupsi tapi korupsi di daerah jauh lbh parah scr prinsip omnibus law bertujuan utk perbaikan contoh tidak ada umr per kota di ln,negative
alhamdulillah di kalsel kita menang perjuangan tidak sia anggota dpr pun tidak segan turun ke jalan mendengarkan aspirasi dari mahasiswa walaupun sebelumnya sempat ada keributan tapi tidak lama kondusif lagi dan sampai akhirnya di sepakati mereka jga menolak omnibus law,negative
analisis sosiologis demo buruh mahasiswa dan berbagai elemen masyarakat yang masif di berbagai penjuru tanah air dan kampus yang tolak uu omnibus law yang diduga keras ada penyusup yang sengaja melakukan tindakan anarkis pembakaran,negative
aneh orang2 merasa gabaca rancangan udah yang paling bener aku tidak setuju ya kalo demo nya ake otak kosong baca dulu kek ntar kalian liat betapa malunya orang2 yang gabaca rancangan omnibus law and well it s still rancangan akan ada revisi,positive
anggota mk pengkhianat rakyat rakyat tidak percaya mk cabut uu omnibus law cipta kerja atau revolusi nantikan aksi tolak uu omnibus law cipta kerja jilid ii semoga mahasiswa kaum buruh dan rakyat berhasil,negative
anying cabut atuh anying sia teh anying omnibuslaw anying atuh anying ah,negative
apa yang dirusuhi apa yang dirusak oleh pendemo bandingkan dengan berapa juta hidup rakyat yang dirusak oleh omnibus law,negative
asli ngeri kalo ada yang lempar isu omnibuslaw ke para pekerja proyek lokal dengan perbandingan gaji dan fasilitas yang diterima tka china jelas kemungkinan besar isunya menjadi tidak tekendali,negative
awalnya banyak respect sama demokrat karena waktu sidang beliau nolak uu omnibuslaw demo juga difasilitasi tapi akhirnya kan udah jelas kalau omnibuslaw ini pro rakyat berarti kemarin demokrat ngapain se pergi gitu makanya hashtagnya muncul,positive
ayo buzzerp dan influencerp kerja lebih keras lagi kalian kalau tidak tidak ada makan siang gratis untuk hari ini omnibus law ciptaker bermasalah sejak jokowi mengusulkannya ke dpr,negative
ayolah kita belum lihat bagaimana isi asli dari pada omnibus law jadi tolong jangan percaya hoax hoax yang beredar di media sosial lebih baik kita tenang dan mengamati gimana pelaksanaan ol itu kalo nanti dalam pelaksanaannya tidak sesuai harapan barulah kita memprotes,positive
bagusnya itu perusahaan didemo oleh pegawainya dan sekalian dibakar karena jelas mereka melihat keuntungan bagi mereka pada omnibuslaw karena banyak pengusaha industry dimiliki oleh dan di lindungi pejabat korup maka mereka seenaknya bertindak pada buruh,negative
bahas ketenagakerjaan mulu giliran urusan duit aja pada rame omnibus dalam bahasa latin bermakna semua omnibus law merevisi bkn cuma urusan ketenagakerjaan ada lingkungan hidup pendidikan  kebudayaan agraria omnibus law selain ketenagakerjaan kok sedikit yg bersuara,positive
baik buruk itu relatif sesuai aja mau liat dari sisi yang mana itu kebebasan masing masing orang tapi tolong jangan mengecilkan perjuangan orang lain mungkin ada beberapa dari kita yang beruntung ketika taraf hidupnya lebih baik jadi gausah repot2 ngurusin omnibus law,positive
bakal jadi pergolakan besar di seluruh wilayah pergerakan demo buruh dan mahasiswa yang menolak pengesahan ruu cilaka omnibuslaw yang dibalas dengan sikap anarkis aparat bakal memancing kemarahan seluruh masyarakat terutama keluarga yang menjadi korban,negative
bandung 8 oktober 2020 depan gedung sate 3 hari beruntun melawan gapapa kok kalian sindir kami kungan baperan mungkin hidup kalian nyaman tidak begitu terdak oleh omnibus law atau mungkin juga terlalu apatis hingga tidak mempedulikan betapa bajingannya ruu cipta kerja,negative
bang fadli tnaya statemenya bener g tau bang apakah membatalkan perppu itu juga meniadakan omnibuslaw karena uu ciptaker ini juga perlu ada karena kedepan kita bonus demografi yang harus dimaksimalkan ditunggu jawabanya atau youtubenya bang fadli,negative
banyak korban berjatuhan bahkan dikabarkan ada yang meninggal dunia dan luka luka karena aparat keamanan merespon aksi aksi ini dengan cara cara yang represif bagaimana islam memandang masalah ini berikut penjelasannya,negative
banyak yang dirugikan dengan isi omnibuslaw loe mikir diri sendiri gapapa tapi tidak usah nyinyir belum tentu hidup loe berguna buat orang banyak,negative
banyak yang nyalahin demonstran yang turun ke jalan karna tidak teliti baca mudah terhasut hoax di kolom comment pernyataan jokowi terkait omnibus law kalo tidak ada yang turun ke jalan mana mau jokowi angkat bicara sejelas2xnya kayak gitu tidak ada empati banget nih kelas menengah ngehe,positive
bapak dpr ayo kawan2 kembalikan narasi ke ajakan menolak omnibus law jangan terkecoh dengan tt yang mengalihkan isu yang diperjuangkan saat ini terus gaungkan ajakan penolakan bagi yang tidak bisa membantu turun langsung ke lapangan setidaknya kita bakar semangat di dunia maya,negative
barusan dr kamar aku denger makku nonton tipi ada artis diwawancarai masalah omnibus law sumpa goblo banget sape si anjg sok sok an bilang efektif efisien semoga pemerintah sm masyarakat lebih bijaksana dalam menyikapi peraturan bijaksana matana yangfun aq emosy,negative
bebal itu kata sifat yang ditujukan kepada pemerintah yang menutup mata terhadap protes publik faktanya adalah pemerintah memang menutup mata terhadap protes publik kalo tidak menutup mata pasti pemerintah sudah membatalkan itu uu omnibus law paham tong,negative
beberapa hal kemudahan yang ada di omnibus law uu cipta kerja pemangkasan ijin2 berusaha yang membuat orang ingin membuka usaha jadi lebih mudah khususnya umkm,positive
benar yang rusakin negara para pembuat omnibuslaw para pembuat kebijakan merugikan rakyat dan bangsa,negative
benarkah cikeas bandar demo omnibuslaw isu cikeas sebagai pendana atau bandar demi uu omnibuslaw cipta kerja telah berkembang liar di media sosial hal ini perlu klarifikasi dari sby atau ahy kalau tidak ada klarifikasi akan dianggap sebagai sebuah kebenaran rudi kamri,negative
benarkah kberadaan omnibus law akan mnyengsarakan para buruh dan pekerja tntu tidak bhkan akan lebih sengsara lain kalau indonesia kalah brsampaing dengan negara lain shingga akhirnya tidak trsedia lapangan krja yang memadai bagi angkatan kerja indonesia yang jumlahnya mncapai 137 juta org,positive
beraninya ngomong siap bang jago doang lo gausah sok ngomongin omnibus law kalau rasa empati ke buruh pun gaada emang ada sejarahnya kalau demo itu ngerusak fasilitas umum sakit lo,negative
berarti omnibus law seharusnya batal demi hukum jadi dpr jangan goblok,negative
berita duka telah berpulang ke rahmatulloh hati nurani  akal sehat dengan mengesahkan ruu omnibus law cipta kerja menjadi uu yang memberikan jalan bagi para oligarki untuk menjarah kekayaan alam dan memperbudak rakyat indonesia atas nama investasi,negative
bner kta bung omnibuslaw tidak menjamin dapet investor yang berkualitas yang ada cuma investor luar yang gambling dengan modal sedikit dari hutang nyoba nyari peruntungan di negeri ini trus investor lokal mati,negative
botol botak tolol lebih bingung lagi ngak baca draf ruu omnibuslaw lansung setujui jadi uu,negative
bukan hoax sih lebih ke poin2 yang udah beredar tidak sepenuhnya bener tapi tetep menurutku omnibus law harus dihentikan karena emang cuma nguntungin pebisnis doang,positive
bukankah dengan diterapkannya omnibuslaw berarti mengundang lebih banyak investor masuk ke indonesia yang berdak pada semakin luasnya lapangan kerja phk sepihak entah ada omnibuslaw atau tidak jika perusahaan bangkrut tidak dpt bayar pegawai ujungnya phk juga,positive
bukannya harusnya omnibus law tuh biar tidak banyak peraturan lain ya atau gimana sih,positive
bukti cukong asing aseng menguasai negeri adalah uu omnibus law disahkan untuk kepentingan mereka dimana pancasilanya,negative
cacat lu mending lu fokus di entertain gak usah ikut nyemplung nambah keruh soal uu omnibus law moga batinmu tambah rusak kalo niatmu ingin memperkeruh suasana kecewa gue sama lu otak lu cacat,negative
cara mengesahkan uu nya saja sudah tidak beradab kok masih nekat mau dijalankan,negative
coba tanya jokowi paham tidak uu omnibuslaw jangankan desta 1000 jkw juga tidak bakal paham semua isi uu itu itulah fungsi nya sudah ada ahli masing-masing tidak mungkin semua org harus memahami semua kalo cuma poin-poin nya mungkin bisa makanya banyak rakyat yang nolak karena banyak point yang merugikan,positive
cuma mau bilang aja dari dulu udah banyak perusahaan yang tidak bertindak sesuai peraturan dan hukum ketenagakerjaan yang berlaku outsourcing di bidang yang bukan seharusnya ada pemecatan semena mena ada jadi apa bedanya ada atau tidak adanya omnibus law,positive
dak dari omnibus law ini mungkin baru akan terasa beberapa tahun kedepan mungkin yang akan menikmati adalah anak dan cucu meskipun demikian terimakasih buat pak jokowi karena,positive
dalam kasus omnibus law ada 2 kelas yang bertentangan yang mana kalau disahkan ruu itu akan menguntungkan kelas borjuis investor dan merugikan buruh begitupun sebaliknya tinggal akal sehat kita yang memilih ingin memihak si kaya yang sialan atau si miskin yang tertindas,negative
dari awal demokrat memang sudah ada tendensi untuk setuju omnibus law,positive
dari awal omnibus law sudah cacat siang malam didandani dan dipaksakan keluar dengan menghalalkan segala cara hasil ancor,negative
dari hasil diskusi  omnibus law memiliki cacat bawaan krn tidak demokratif  waktu pengesahan terlalu singkat untuk suatu uu yang kompleks  dpr seharusnya sesegara mungkin mempublikasikan uu ini setelah pengesahan ketuk palu,negative
dari semua klarifikasi tentang omnibuslaw belum ada klarifikasi yang jelas mengenai poin2 yang merugikan pekerja tuntutan mereka sebenarnya tidak muluk2 jangan potong hak mereka untuk perbaikan sistematis administrasi dan birokrasi saya yakin pekerja tidak ada yang menentang,positive
deeeeeng lah kok dan oke ternyata mbaknya gapaham masalah omnibus law jadi wajar kalo opini mbknya negative tentang demo yang berujung anarkis kita sudahi saja mbak jempol saya pegel terimakasih saya bangga menjadi anarkis dan mengakuinya,negative
demo kok anarkis saat ada demo rusuh di amrik  beberapa neg eropa gegara george floyd tewas di tangan polisi berita sangat informatif publik tahu why banyak pendemo murka  di sini berita unjuk rasa nentang omnibuslaw di media yang sudah digarap hanya bilang demo anarkis,negative
demo omnibus law haru ini membuktikan golongan apapun termasuk mahasiswa bener bener kuda tunggangan para politisi busuk kalo pks dsn demokrrat nentang pasti aman utk kota tapi bukan buat mereka jd pasal mana yang membuat politisi busuk ini tidak suka draft nya aja gw tidak ada,negative
demonstrasi menolak di sahkannya omnibus law uu cipta kerja masih terjadi di berbagai daerah di indonesia hingga kamis 8 10 2020 sudah banyak kejadian yang membuktikan bahwa aturan yang di buat oleh manusi akan selalu menghadirkan kekecewaan dan kesengsaraan,negative
dengan omnibus law pemerintah memberi fasilitas jutaan lapangan kerja trus kamu tolak endingnya batal lagi2 minta ke pemerintah minta lapangan pekerjaan pngen kaya nih ada amalan buat d baca buat usaha sendiri niat ingsun walkak likuk ben gak susah urip,positive
di sini bukan mau pro pemerintah si cuman yang lagi pada demo itu paham dulu tidak ya apa yang di demokan dan bukannya demo itu penyaian aspirasi dan menyuarakan pendapat selalu aja ada fasilitas umum yang dirusak yang emang tendensinya mau bikin rusuh,positive
dikira dengan demonstrasi rusuh bisa merubah dan membatalkan uu yang sudah disahkan dpr kalo mau merubah atau membatalkan uu digugat ke mk nanti dalam sidang akan ada penjelasan dari pembuat uu tersebut perdebatan disidang akan membuka baik buruknya uu omnibus law,positive
disaat pademi ngapain jokowi n dpr maksa ngebahas omnibuslaw udah diteriakin rakyat tolak ruu sampai si puan tak berotak gak mau dengar mematikan dewan lainnya yang protes apalgi suara rakyat kan bangkee skrg disahkan,negative
disuruh ngajuin ke mk nek ra setuju ro omnibuslaw tapi jebul mk wes di jawil oleh orang orang yang berkepentingan tapi tidak ada salahnya untuk di coba monggo ajuin ke mk sesuai intruksi dari bpk presiden,positive
ditempat demo saja om yg rusuh llo dijalan lain mah gak ada apa apa krn emang banyak yg gak mau baca tuntas om jd kemakan hoax dari yg baca setengah padahal uu omnibus law banyak menguntungkan pekerja lho om,positive
dpr kelas warung kopi semua menunjukan kebodohan sbg pejabat berarti mmg ruu omnibuslaw cilaka mmg fatal hrs dibatalkan krn sarat dengan menutup nutupi draftnya,negative
emangnya berita sesat divalidasi sama banyak akademisi sampai ada kajian berkali kali di webinar mungkin ada sedikit demo yang seperti itu tapi demo mengenai omnibus law ini bukan salah satu nya,negative
ente tau arti paling banyak maksimal kan itu disitu kerja dibawah 1th pesangon paling banyak 1 bulan upah klo dibayar dibawah 1 bulan upah setengah nya atau tidak dibayar sama sekali itu tidak jd masalah di uu omnibuslaw toh gk ada paling sedikit minimal kan,negative
fakta kata dokter tirta soal omnibus law dan covid19 ada yang setuju,positive
gak ada cara demo yang tidak merusak bang sudah ada data yang mengatakan omnibus law gagal tunjukan cerdas dikit susah,negative
gak ngerti dengan logika pekerja yang menolak uu omnibus law tapi mengecam pendemo yang merusak fasum ibarat rumahnya kebakaran gede terus ada tetangga2 yang nolong tapi dia teriak woy nyiramnya jgn pake air comberan dong pake air bersih lah kalo bisa yang merk 4qua ramasuk bos,negative
gelo apa lu hutan laut sungai dan gunung bakalan makin banyak di gusur oksigen di indonesia makin ancur juga omnibuslaw kalo ditilik dari segi lingkungan,negative
gk ada yang salah dengan omnibus law heran mo aja dtunggangi sm org yang ambisius naik dpilkada,positive
gua debat tentang omnibus sm temen gua dengan kata kata yang tenang gua jelasin ada banyak pro kontra tapi banyak juga pasal yang janggal sampai dia bilang yang intinya coba kasi pemerintah satu taun buat buktiin omnibus law hey buddyyyyy,negative
gue aslinya juga banyak mempertanyakan kenapa perubahan ini mesti dibuat kita sebagai rakyat punya hak untut menuntut transparasi mengenai omnibus law ini tapi balik lagi coba kalo ada waktu pelajari omnibus law ini biar kita lebih ngerti dan tau apa yang diperjuangin,negative
gue kpopers dan berusaha buat paham dan melek politik plis meskipun kpopers kadang tidak ada ahlaq tapi kpopers bukan tidak punya otak klo akhirnya kpopers ngikut trending soal omnibus law itu murni karna cemas ma bangsa ini ke depannya,positive
gw bukan orang kaya gw dari golongan bawah tapi gw punya cita2 buat jadi pengusaha dan bangun perusahaan di masa depan y jelas dengan adanya omnibus law gw pasti dukung lah lo kontra karna uu ini bakal ngrugiin buruh gw pro karna dengan ini ngurus perijinan buat buka bisnis mudah,positive
gw salut sama yang ngetik omnibus law ngetiknya banyak banget wkwkwk,positive
harusnya pemerintah sadar atas apa yang udah terjadi aksi ini udah parah apa perlu harus ada aksi yang lebih chaos dari ini di berbagai kota harusnya mereka sadar bahwa banyak rakyat yang benar benar menolak omnibus law yang pengesahannya terkesan terburu buru dan sewenang wenang,negative
hati hati hoax ruu omnibus law lebih baik teman2 buruh baca terlebih dahulu isinya jangan mau dimanfaatkan,positive
heran saya ketika ada orang yang merasa uu omnibuslaw baik lalu dibully dimaki ada yang anggap uu omnibus law perlu untuk negeri ini dituding pro penindasan buruh pro kapitalis kalau seolah kebenaran hanya punya kelompok penolak yang otoriter itu sesungguhnya siapa,positive
hukum sudah tidak bisa dipercaya di rezim ini harus revolusi,negative
indonesia akan menjadi negara maju dan rakyat yang sejahtera dengan di sah kannya uu omnibus law,positive
indonesia sedang marah bung senggol dikit bacok butuh berapa nyawa melayang agar omnibus law dibatalkan rakyat marah tuan apa harus jadi indonesia lautan darah dulu baru kalian paham kalau kami menolak keras omnibus law,negative
indonesia termasuk yang lama kalo bikin perusahaan perbandingan di singapura kalo dokumen udah siap semua pengurusan selesampai dalam waktu 1 hari dengan omnibus law kita semua besok besok kalo mau bikin perusahaan akan jauh lebih mudah dan cepat,positive
informasi yang berimbang apa yang sudah kau tau tentang ruu omnibus law yang jd uu bukankah video2 seperti itu yang banyak bertebaran sbg indikasi bhw ada aktor yang mendalangi smua ini anda sudah lahir th 98 sy sbg mantan pendemo th 98 scr insting tau mana yang rekayasa  murni people power,positive
ini kalo tidak ada yang demo buat protes terus omnibus law di berlakukan gitu aja lu pasti tau efek nya dan ngeluh ya allah kok tidak adil banget mereka allah lagi aja yang jadi sasaran doa yang padahal manusia nya aja bego di kasih pembela malah di sumpahin api neraka,negative
ini pertentangan kelas bukan pertentangan kota kalian wajib melawan walikota kalian sendiri demi kehidupan yang lebih baik bangunan bangunan terlihat menjadi lebih baik tapi sementara hajat hidup warga terancam oleh omnibus law ya untukapa patuh pada walikota,negative
inikah ketakutan paling besar tenaga asing mengambil alih lahan pekerjaan kita,negative
insfratruktur rusak bisa dibenahi tapi teman teman bagaimana dengan uu atau peraturan yang rusak yang ada malah kehidupan kita yang dirugikan dalam jangka waktu yang panjang omnibus law inilah salah satunya yang hanya menguntungkan beberpa pihak saja dan membunuh rakyat,negative
intinya kalau dpr berani bertemu lebih cepat untuk berbincang sejenak dengan para demonstran saya yakin gak akan ada fasilitas umum yang terbakar siapa yang tidak kesal orang yang di ajak ngobrol malah tutup telinga,negative
intinya omnibus law mengambil hak rakyat anda bicara lain krna anda ada di linkaran iblis,negative
isi uu omnibuslaw jelas banget tak pancasilais mahasiswa buruh indonesia mengugatnya dpr ri sebagai filter uu telah mati suri presidenpun tak dipercaya,negative
itulah hebatnya orang yang punya kuasa semua fakta dan kebenaran bisa diputar balikkan dan tidak ada yang dapat menggugatnya maka tolong bagi orang yang berkuasa dan hatinya nuraninya masih ada mohon bantuanya menghadapi masalah ini kawal omnibus law,negative
iya jadi lu mau jalan di tempat mulu cuma bisa dibayang2 negara maju blm dicoba udh pesimis mental indo emg sih gue pekerja yang katanya dirugikan dengan sahnya omnibus law tapi gue makin setuju utk disahkan  diterapkan setelah ngmg sama lu wkwkw,positive
iyaa kadang karena dasar trust bisa tuh dikasih cek kosong tapi paling tidak kalau ruang lingkup pekerjaan atasan sudah kasih guideline tinggal eksekusi nah di dpr 1 trust kok bisa ada 2 lingkup besar 3 omnibus law panjang amat jadi susah ya pakai konsep itu hehehe,negative
jadi begini di satu sisi ada hal2 positif dari omnibus law seperti kemudahan perizinan namun di sisi lain ada banyak juga ketidakadilan di dalam omnibus law itu jadi sikap terbaik sebenarnya bukan menolak atau menerima omnibus law tapi menolak pasal2 yang bermasalah,positive
jadi mereka yang melakukan demo penolakan omnibus law selain dimanfaatkan oleh kepentingan politik mereka juga belum memahami tujuan besar ini makanya seharusnya sebelum bertindak ada baiknya di bedah dulu apa pokok permasalahannya,negative
jadi penasaran yang demo hari ini sudah baca belum ya draft nya omnibus law solanya nyari nyari tidak dpt seperti di hilangkan jejaknya bahkan tribunnews mau share aja dr google drive mereka akses nya ke tutup kan aneh mau baca draft omnibus law tapi draft nya tidak ada share donk thanks,positive
jadi please kita balik ke point point di omnibus law ini jangan lah kepancing oknum yang bahasa sby lebih baik jokowi lebih baik ini itu point kita tuh ada di uu omnibus law ini angkat banner setinggi tingginya semangat terima kasih kawan kawan yang sudah berjuang hari ini,positive
jangan termakan hoax dan penggiringan kebencian terhadap uu omnibus law berikut tulisan resume beberapa poin penting yg saya dikutip dari konferensi pers prof mahfud md kalo ada pasal yg merugikan buruh boleh kok dishare,positive
jelaslah sudah bahwa tujuan penggodokan segera omnibus law bukan untuk rakyat buktinya banyak rakyat yang protes tapi nyatanya tak ada yang digubris hanya demi menaikkan investasi negara yang justru menguntungkan para korporasi saja,negative
jika ada lembaga penyiaran yang tidak banyak mengcover sisi pendemo dengan adil pada protes hari ini maka tidak perlu heran industri penyiaran swasta adalah salah satu yang diuntungkan di omnibus law,negative
jika anda tidak peduli uu omnibus law dan anda berfikir kalau uu tersebut hanya merugikan kaum buruh anda salah besar ada beberapa point dari uu ini yang sangat merugikan hak warga sipil seperti kita,negative
jika niat dan tujuannya baik bagi rakyat knp harus sembunyi2 tertutup dan terburu2 sebarkan draft pasal2nya sertai penjelasannya biar transparan jd rakyat paham arah tujuannya krn uu omnibuslaw berdak langsung pd rakyat,negative
jika ternyata ada kesalahpahaman atas omnibus law akibat dari info2 yg tersebar di media mainstream dan ternaman bisa saja yg bertanggung jawab atas semua kerusuhan ini adalah info2 dari media itu well gw sendiri masih membaca uu omnibus ini dan belum kelar,positive
jokowi mengusulkan uu omnibus law merupakan tindakan pengkhianatan terhadap negara mengkhianati uud45 utk melindungi hak2 rakyat dan buruh hanya demi memenuhi janji cukong cina penjajah ini akibat kebanyakan utang rakyat dikorbankan menjadi budak pengkhianat harus dilengserkan,negative
justru dengan adanya omnibus law ini akan melindungi adik2 kita ini yang akan cari kerja contoh,positive
kak ini uu udah ada sejak 1984 36 tahun pernah ada masalah kah sampai saat ini ini rame karena emng masuk omnibus law dan banyak yang baru tau selama ini itu uu gada masalah kan sekali lagi kalo mau tau alasan pasti kenapa digolongkan ke medis tanya ke yang merancang,positive
kalau ada yang bilang rugikan rakyat tidak sepenuhnya bener loh ada banyak pedagang yang terbantu rejekinya setelah sepi sejak pandemi he he,positive
kalau demo omnibus law sudah berhenti yaa buat apa di kaji dibaca detilnya apa saja didalam uu omnibus law yang 905 halaman itu buat saya 2 hari akan selesampai saya baca krn sudah tidak ada resistance lagi ya artinya diterima menyerah kpd apa yang ada didalam 905 halaman itu yaa gak,positive
kalau dilihat dari kalimatnya pemprov jabar rk hanya menyaikan aspirasi saja dari buruh untuk pernyataan sikap jabar rk terkait uu omnibus law gak ada di situ baik menolak atau mendukung di surat dari berau langsung ada pernyataan sikap dari pemda dan dprdnya,positive
kalau memang ternyata lebih memihak pengusaha daripada pekerja artinya pemerintah membuat peluang kita untuk sukses lebih besar 9 dari 10 pintu rezeki ada dalam dalam perdagangan ayo jadi pengusaha,positive
kalau omnibus law melarang perusahaan impor tka terserah kalian lah mau di gaji atau tidak karyawannya itu urusan pemerintah masa bodoh lah kalau tidak ada yg ingin melamar kerja yg penting adil dan makmur aman dan damai bukan kah begitu mprof,positive
kalian semua yang ditangkap aparat kepolisian saat demo batalkan omnibuslaw harus bersatu untuk mogok bicara di interogasi model apapun jangan ada yang menjawab sepatah kata pun di tanya apapun jawab,negative
kalo ada yang bilang omnibus law ini ada nya juga kok cuma ya framingnya aja dibikin semua  jujur belum nemu ada yang analisa lengkap dan berimbang antara dan nya sih,positive
kalo diliat dari sisi positive ada sih beberapa yang bisa diunggulkan dan diharapkan dari omnibuslaw ini yang tidak mau baca skip aja,positive
kalo ngomongin omnibus law mau ditolak apa tidak jangan jauh2 pake standar udah baca apa belom cara pembuatannya yang tidak melibatkan aspirasi publik dari awal itu udah keliru transparansi juga masih dipertanyakan daknya dari awal itu ya sekarang protes di mana mana,positive
kalo semisal ada perempuan yang ngegodain bapak dpr buat cek in dan nanti imbalanya jadi tidak di sahkanya ruu omnibus law yang meresahkan seluruh penduduk indonesia itu salah satu bentuk perjuangan membela rakyat tidak yaa he,negative
kan kamu bilang gada omnibuslaw itu di aku masih ada kukasih tau baik baik malah diyeyeyein padahal aku gada niat mau mojokin kamu cuma karena lewat ya kurespon mba,positive
karena banyak dan mereka pasti punya backing advocat biar kalo ada apa apa mainannya hukum yang tertera di uud makanya kalo hukum yang tertera di uud berat sebelah kaya omnibuslaw ya pasti serikat dan buruh harus berontak dan menolak,negative
karena itu peran media bro bisa manipulatif terkadang apa yang diberitain beda sama realita tujuannya apa ya karena media sekarang di steer termasuk berita hoax sebelum omnibuslaw di buat mereka buat heboh masyarakat imbasnya kita2 ini,negative
karyawan akan rugi jika bekerja di perusahaan yang jahat ada dan tidak adanya omnibus law dan itu sudah jadi rahasia umum dunia kerja ngeri bos saya mengalami itu sebelumnya sekarang tidak atau belum,negative
kelakuan dalang demo ini udah sangat kelewatan anak stm pun mereka peralat demi syahwat politik parpol nya kasihan mereka gak tahu apa tujuannya mereka ke jakarta krn ada undangan untuk datang di siapkan tiket kereta api di siapkan truk bus dan uang,negative
kemaren ada yang pake almet ditanyain paham gak kenapa kita mesti nolak omnibus law ini jawabannya sungguh basic mempertahankan hak buruh ditanya lagi hak buruh yang seperti apa tiba tiba diem terus jawab ya hak buruh lah jangan mau dijadiin budak terus lhaaaa,positive
kemaren liat partai yang anti sama omnibus law ada dua pks dan gerindra ada yang bilang berarti pemilu selanjutnya pilih dua partai itu aja come on jangan terlalu polos yang namanya oposisi pasti narik simpati rakyat pdip zaman sby demokrat juga gayanya gitu,negative
kenapa harus rakyat menjadi korban lg bagaimana dengan hoaxnya yang tuding ada yang tunggangi bagaimana dengan hoaxnya omnibuslaw ketok palu padahal mah draft katanya kejahatan besar dibiarkan sementara rakyat yang hanya kritis disalahkan,negative
kenapa ya tidak ada bu smi padahal dia orang yang paling kompeten dalam menjelaskan omnibus law dan penjelasannya mudah dipahami,positive
kepentingan umum investasi masih menganggap remeh omnibus law dan anda berfikir ini tidak ada hubungannya dengan anda anda salah besar hari ini anda masih bisa tidur nyenyak dirumah anda siapa tau 2 atau 3 tahun mendatang rumah anda digusur atas nama investasi,negative
kerusakan fasilitas bisa terjadi karena adanya perusuh yang memanfaatkan aksi atau mmg karena kekesalan rakyat atau omnibus law tapi kerusakan hutan  lingkungan terjadi karena oligarki dan korupsi kebijakan mana yang parah,negative
kewajiban luasan kawasan hutan 30 hilang dalam uu omnibus law dan pemerintah pusat bebas mengatur luas minimal hutan setiap daerah kemungkinan terburuknya adalah tidak ada hutan dsuatu daerah sama sekali hal tersebut akan berpengaruh fatal trhadap lingkungan,negative
kita sedang membela rakyat bukan kepentingan kelompok saja toh juga kita sama sama rakyat lantas kenapa harus saling memberi tangis,negative
klo ada yang dukung omnibus law dikatain buzzer pemerintah kayak mau langsung di shut dan dikatain buzzer seakan ngebikin opini yang prp omnibus law kayak gak relevan hipokrit,positive
klo ini benar justru semakin membuktikan bahwa omnibuslaw lebih ramah kpd cukong  menindas rakyat pekerja iya tidak sih,negative
klo kata pak demo omnibuslaw karena kemakan hoax coba share dong uu aslinya biar publik tau hoax nya dimana tapi share nya harus dari website resmi dan jangan cuma bilang hoax hoax hoax tapi uu omnibuslaw asli nya gk ada,negative
klo omnibuslaw tidak gagal hutan kalimantan sumatera dan papua makin plontos dibawah tanah batu bara digali diatas hutan digunduli dan diganti kelapa sawit,negative
klopun benar benar jadi atas prakarsa omnibuslaw nanti imb akan berganti menjadi persetujuan bangunan gedung yang proses acc nya ada di pusat penasaran aja teknisnya gimana secara proses imb yang di handle daerah aja banyak yang keteteran,positive
kota saya dingin rakyatnya yang panas sekarang akibat omnibus law bangsat,negative
kurangnya transparansi sosialisasi  informasi yg valid dari dpr tentang omnibus law ini kepada masyarakat mengakibatkan masyarakat minim pengetahuan masyarakat banyak tau uu ini melalui akun akun media sosial broadcast to broadcast yg kebenarannya masih diragukan yg salah,positive
lagi ngobrol rame rame soal omnibus law via zoom terus ada yang bilang jakarta sengaja diancurin orang mau dipindahin ke kalimantan liat aja presidennya lari ke kalimantan hmmm nganu iya juga sih,positive
lagi pandemi gini rakyat malah dibikin lebih sengsara tolak omnibuslaw,negative
lalu katanya banyak pasal dan ayat yang tidak pro pekerja dan buruh hanya pro ke investor ya namanya juga mau menarik para investor jadi kemungkinan ada beberapa hak buruh dan pekerja yang dikurangi tapi bukan ditiadakan ya,positive
lebay nih bu cantik protes saja ke baing keroknya partaimu yang biang keroknya efek omnibus law lebih besar daripada kerusakan fisik jgn berlebihan bu syantik be dair n bijaklah lihat sesuatu dari akar masalahnya ada sebab akibat disitu jgn lebay dengan akibanya,negative
lebih bahaya omnibus law daripada corona,negative
lebih geram bahkan muak karena kami tahu siapa yang di untungkan dan siapa yang di rugikan dengan uu omnibuslaw menteri pekok,negative
loh uu omnibuslaw baik loh bisa memperluas lapangan kerja,positive
lucu yah ada orang yang buat thread soal substansi beberapa perubahan pasal di uu cipta kerja dengan uu ketenagakerjaan yang keliru memahaminya  mungkin terlalu cepat memahami atau kurang mengerti gmn kalau pasal itu berubah apakah isinya harus sama atau bagaimana,negative
mahasiswa bodoh tidak paham tujuan uu omnibus law tapu ngoceh layak diviralkan kebodohan mahasiswa ini bisa berorasi tapi menolak ol,negative
makin hilang respect sama orang2 berseragam demi apapun bener2 buta ya,negative
makin membuktikan betapa busuknya omnibus law rezim oligarki ini,negative
masalah omnibuslaw bukan perkara ketenagakerjaan aja mbak ada yang lebih buruk dari itu,negative
massa unjuk rasa ini cenderung ke masalah ketenagakerjaan kok khususnya tentang phk dan pesangon sementara ada yang mengglorifikasi ini karena berhasil mempreteli kekuasaan raja2 kecil di daerah2 gak nyambung bos,negative
masyarakat indonesia saya cuman mau bilang jangan mudah terprovokasi dengan hoax yang ada uu omnibus law itu menguntungkan masyarakat sebab uu ini melindungi para pekerja agar tidak dapat dipecat secara sepihak oleh perusahaan,positive
mau menghilangkan korupsi kok lewat omnibus law pak omong kosong dengan segala ide anda mana revolusi mental yang anda gaungkan dulu,negative
media banyak nyorot seputar kekacauan selepas aksi masyarakat  aparat berbenturan padahal kalo tuan dan puan tidak sebercanda itu tidak perlu ada kekacauan serius tuan dan puan masih menganggap diri sebagai wakil rakyat,negative
melihat banyak aksi tapi tidak ada solusi janji janji ditebari kebencian yang muncul pasti,negative
memang negara mau kebutuhan naik itu namanya inflasi lagian emank olb menghilangkan kenaikan ump ya makanya sekarang daya tawar indonesia mau dipercepat dengan adanya omnibus law biar banyak barang mengalir dari dalam negeri ke luar menaikan devisa negara dan dongkrak ekonomi,positive
menyaikan aspirasi dari kepentingan mafia2 yang kerjanya terusik krn adanya uu omnibus law dn rakyat bodoh yang jdi tunggangannya saat pendemo bnyak yang tertangkap sbentar lagi pasti ada pahlawan yang kemalaman datang,negative
mereka pikir cuma uang mereka saja yang membangun itu ada juga uangnya yang mendukung omnibus law mereka pun ada andil membangun fasilitas itu ingat bukan cuma uang buruh saja yang membangun fasilitas bersama itu lewat pajak ayo kota bijak,positive
mereka udah demo dengan harapan dpr bisa membatalkan uu tersebut eh malah dibentrokin sama aparat kalo saja dulu pemerintah mendengarkan tuntutan rakyat dan membatalkan omnibus law mungkin gabakal ada demo besar2an yang menimbulkan banyak korban,negative
minta file uu omnibus law yang dibaca pemerintah dong min biar tidak ada dusta diantara kita,positive
mmt mendemokratisasi pasar market dengan free trade pasar bebas  fair trade pasar berdasarkan keadilan omnibus law bercita cita menurunkan biaya produksi dengan menekan nilai buruh dimana itu syarat ekonomi berdasar pdb ala tiongkok yang bikin silau banyak pejabat negara saat ini,negative
mungkin omnibus law ada point baiknya tapi jika memang ingin disahkan ya mungkin point yang diprotes bisa dihapus atau diganti dengan kebijakan yang lebih baik gitu gak harus dibatalkan juga mungkin harus direvisi lagi,positive
nah sama halnya dengan kita harmonisasi antar regulasi yang dikemas dalam satu kesatuan omnibus law akan menjadikan peraturan peraturan lebih tepat sasaran dengan ini pihak pihak yang terkait dalam regulasi tersebut pun menjadi lebih efisien ketika mengimplementasi kebijakannya,positive
ngotot banget membela omnibus law ini berarti mereka memang mau menantang kekuatan rakyat mungkin karena merasa didukung konglomerat  aparat artinya tak ada jalan lain kecuali revolusi harus terjadi ,negative
nih linknya hahahahaha isinya pengusaha semua ya wajar ditentang buruh hahahaha nama doang yang cipta kerja isinya menangin dan nyenangin para konglo hahahah dari komposisinya tidak keliatan sama sekali unsur buruh atau serikat pekerja manapun,negative
ok sekarang dpr ngebut bikin konten klarifikasi di medsos mereka tapi itupun baru setelah desas desus paripurna dipercepat narasi yang dipake lawan hoax seolah mereka tidak ada andil dalam semua disinformasi soal omnibus law alias ngelanggar hak atas partisipasi publik,negative
omg begini nih pemikiran cetek banget you think mendukung supaya omnibus law ditolak hanya dengan naikin ht doang lagian percuma ngeht kalo isinya hanya spam semata tanpa ada aspirasi atau narasi sudah banyak org mengeluhkan perihal tidak informatifnya isi ht yang ditrendingkan,negative
omnibus law adalah penjajahan modern teganya berkhianat menikam nasib saudara sebangsa sendiri,negative
omnibus law adalah ruu titipan taipan juga kapitalis asing demi agenda besar ini represi dilakukan terhadap anak bangsa ini cuma masalah keberpihakan,negative
omnibus law cipta kerja bukan melemahkan tapi komitmen pemerintah memperkuat kebijakan investasi dan analisis mengenai dak lingkungan ungkap menteri keuangan sri mulyani indrawati dalam 7th oecd forum on green finance and investment secara virtual jumat 9 10 sdr,positive
omnibus law dan kekerasan penjarahan lahan dan kerusakan alam di banyak daerah telah memicu konflik warga dengan investor pengusaha omnibus law akan meningkatkan derajat konflik tadi menuju kekerasan yang kian brutal dari sekadar halte yang dibakar,negative
omnibus law dan sistem kapitalisme ini sendiri tidak akan menyelesampaikan masalah terkait ketenagakerjaan yang ada ,negative
omnibus law dipaksakan krn ekonomi negara kita dah hancur menurut si penghasut satu2 nya solusi adalah tarik suntikan dana investor luar dengan cara korbankan rakyat eropa tidak mau korbankan rakyat n lingkungan investor yang dimaksud adalah cina bangsat tidak tuh,negative
omnibus law ini beneran a real thing kemarin2 kayaknya banyak yang pada bahas kalo poster2 yang beredar itu bikin orang2 pd salah presepsi tapi kok masih ada yang demo si jadi yang bener yang mana,positive
omnibus law ini juga titipan yang lain orang orang yang berkepentingan oligarki yang suplai sawit suplai batubara buat listrik ada bisnis disana tidak mungkin karena kepentingan pengusaha swasta kebanyakan yang bayar pajak,negative
omnibus law mendukung otsus mewujudkan kesejahteraan papua mari kita dukung omnibus law  otsuspapua,positive
omnibus law menghabisi  menguliti kuku nya serikat2 buruh tidak heran nyamuk penghisap darah buruh kebakaran bulu jem  mengajak utk demo  protes keras,negative
omnibus law salah satunya bagi sebagian orang produk ini banyak cacatnya tapi bagi sebagian besar kalangan produk ini justru merupakqn terobosan hukum agar efektif efisien tanpa menganak emaskan salah satu elemen diperlukan tarik ulur yg arif agar serasi  selaras,positive
omnibus law sama sekali tidak menjawab persoalan yang ada malah membebani keadaan dibuat secara sembunyi  oleh dpr dengan memanfatkan situasi pademi setelah disahkan isinya bisa dibongkar pasang culas  korup masalah negeri ini adalah kkn sayangnya kpk sudah dibuat impoten,negative
omnibus law tiba tiba disahkan dpr padahal masih sarat dengan bahasan kontroversial yang berdak ke banyak orang yang bikin massa beramai ramai demo di masa pandemi bapak ibu dpr sekalian sedang mengacungkan jari tengah ke arah para tenaga kesehatan,negative
omnibus law tlh mematik kesadaran rakyat utk bergerak buruh rakyat dan mahasiswa jls terusik krn uu ini tlh menusuk nadi kehidupan dan martabat kemanusian buruh pabrik tetiba mogok dn demo klu by desampain tak sedasyat ini pak pikir ulang pak,negative
omnibus law uu cipta kerja memberi kemudahan bagi umkm dalam mendaftarkan usahanya termasuk membentuk perseroan terbatas pt selain dukungan pemerintah kolaborasi antara korporasi besar dan umkm dinilai akan memberi dak ekonomi yang lebih besar,positive
omnibus law uu cipta kerja merupakan deregulasi thd peruuan yang menghambat investasi karpet merah bagi para pemodal sklgus buldozer hutan  tanah adat,negative
omnibuslaw disahkan oleh dpr dan pemerintah lalu rakyat curiga adanya banyak kepentingan pemodal maka rakyat demo menolaknya lantas fihak pemerintah mengatakan ada penunggang demo untuk mengaburkan inti persoalannya,negative
omnibuslaw harus dikaji ulang itu tuntutannya mohon disampaikan dengan baik tidak anarki dan tepat sasaran,negative
omong kosong pak janji tinggal janji tak satupun yang ditepati semenjak bapak yang pimpin indonesia makin terpuruk pak omnibus law cuma buat memakmurkan kroni bapak sama cukong,negative
orang yang dukung omnibus law itu tidak tau kalau itu dibuat untuk kapitalis dan imperialis dia hanya korban bujukan tirani dengan berkata semua akan baik baik saja padahal membunuh rakyat secara perlahan,negative
padahal ya bukan cuma buruh yang dirugiin sama omnibus law pekerja kantoran juga emangnya mau dieksploitasi sama org lain akibatnya pasti jadi budak para konglomerat akhirnya yang kaya makin kaya yang miskin makin miskin,negative
pak ini sebaiknya diam aja deh dia yang memimpin penyusunan ini sementara banyak pasal2 yang merugikan rakyat tapi sekarang malah membuat tambah gaduh,negative
pak jokowi tidak realistis mengapa harus membuat uu omnibus law utk menciptakan lapangan kerja bukankah lapangan kerja kita banyak tapi diberikan kpd tka china lapangan kerja omnibus law adalah seperti jaman belanda menyerap seluruh tenaga kerja dlm negeri tapi sengsara,negative
pasal di uu indonesia masih lemah banyak celah jadi memang perlu perbaikan saya menolak tegas pasal pasal kontroversi yang ada di ruu omnibus law tapi utk pasal lain kurasa its okay,positive
pemerintah juga berupaya menjamin kemudahan bisnis produk halal dengan memperluas lembaga pemeriksa produk halal dari ormas dan perguruan tinggi serta mempercepat penerbitan sertifikat halal,positive
pemerintah mengajukan omnibus law prosesnya sarat kejanggalan setelah diparipurnakan dpr masih juga ada perbaikan publik marah lantas kenapa hanya pada kemarahan publik kebencianmu disematkan,negative
pengusaha ada yang bisa bebas bayar royalti enek sekali jika omnibuslaw mensejahterakan rakyat pastilah sudah menjadi uu buruh international,negative
penjelasan p mahfud masalah omnibus law salah satu cara memotong jalur korupsi yo masuk akal pernah melu ngurus perizinan gae lahan prosedur tentang amdal ku ws apik ws ada konsultan dari luar negeri tapi jalur perizinan e mbulet ga karuan kudu nyangoni wong akeh sek,positive
penjelasan presiden terkait uu omnibus law banyak beredar berita hoax uu cipta kerja yang diplintir uu cipta kerja untuk urusan penyerdahanaan perizinan urusan investasi urusan ketenagakerjaan ada 2 9 juta pekerja setiap tahun butuh pekerjaan,positive
percaya aku bentar lagi jokowi muncul dimedia marah marah siapa yang mengusulkan uu omnibus law siapa ngaku pada bingung seruangan tidak ada yang bisa angkat tangan soalnya pelakunya yang ngomong susah juga jadi jokowi harus pandai akting,negative
pernyataan yang tidak bertanggung jawab emang sudah ada naskah uu omnibus law pengesahan tanpa naskah,negative
pesangon masih ada tapi liat kata2 paling banyak di uu omnibuslaw ini klo di uu 2003 nya paling sedikit klo ente ngerti apa yg dimaksud paling banyak dan paling sedikit pasti tau tujuannya,positive
phk dimana mana sekolah terlantar dan tidak jelas masa depan yang hancur karna omnibuslaw setara emg sama 25 m aspirasi kita seolah dibungkam wey sadar kita rusuh karna kita di blokade kita nego pun tetep gak dikasih lewat malah di lempari gas air mata wey,negative
politisi pdi perjuangan ini ungkapkan uu omnibus law ciptaker melihat potensi usaha sangat besar di sektor umkm mengingat setidaknya ada 64 juta lebih yang terlibat,positive
prahh banget nih judulnya click bait isi beritanya mlah bank dunia puji ngara indonesia ngara2 dunia ingin adanya reformasi tentang aturan pekerja smuanya udah ada di uu omnibus law,positive
presiden joko widodo menyebut omnibus law undang undang cipta kerja yang baru disahkan dapat memperbaiki kehidupan jutaan pekerja di indonesia,positive
presiden joko widodo menyebut omnibus law undang undang cipta kerja yang baru disahkan dapat memperbaiki kehidupan jutaan pekerja di indonesia pemerintah berkeyakinan melalui undang undang cipta kerja ini jutaan pekerja dapat memperbaiki kehidupannya dan juga penghidupan,positive
rakyat bersatu harus tolak uu cipta kerja omnibus law uu cipta kerja omnibus law pesanan cukong,negative
ribuan pasal di omnibus law tapi yang di permasalahan hanya tenaga kerja padahal banyak lagi pasal yang merugikan negara dan bangsa serta rakyat indonesia,negative
ricuh tidak bakal terjadi uud omnibuslaw tidak ketok aspirasi tidak di mute bahas nya diem diem tidak dimasa darurat covid19,negative
ridwan kamil dengan tegas turun ke aksi dan merekomendasikan aspirasi buruh untuk penolakan uu omnibus law ke dpr dan presiden sesederhana itu kok yang diharapin tanpa harus rusuh dan sampai ada yang terluka,negative
sadar gak sii dalil di uu omnibus law cipta kerja mnurut gua gak terlalu merugikan koo nih salah satu nya udh banyak lohh investor dri brbagai sektor perusahaan yg antre masuk ada 153 perusahaan,positive
salah satu kerusakan lingkungan hidup atau kawasan hutan yang begitu besar di sebebkan oleh kebijakan pemerintah yang tidak tidak berpihak terhadap lingkuan hidup contonya dengan adanya uu omnibus law,negative
salut sama pak tetap tenang  tegas untuk terus menjalankan agenda reformasi hukum pengusaha rente aparat brengsek sudah tidak bisa kongkalikong lagi trtm utk perijinan lanjutkan untuk buat omnibuslaw yang lain pak msh ada ratusan hukum yang tumpang tindih  bertentangan,positive
satu lagi kalau iya omnibus law ini berniat baik harusnya pas demo tidak pakai kekerasan oleh aparat kalau iya tujuannya baik dan mensejahterakan rakyat harusnya biarkan rakyat bebas beraspirasi tapi kenyataannya di lapangan berbeda berarti ada yang tidak beres dengan uu ini,negative
saya dukung pak jokowi untuk menuntaskan omnibus law seperti yang dia janjikan dia sedang berusaha memenuhi janji kanyenya mengapa harus dimusuhi monggo kalau tidak setuju dengan saya i stand with my president god bless you sir,positive
saya tidak mau bahas terlalu jauh teknis dari omnibus law karena cukup memuakan dari segi formil cacat maupun dari segi materil tanda yang paling jelas adalah hingga telah ditetapkannya uu masyrakat masih belum menerima draft mana yang disahkan,positive
sebagai pemimpin atau petinggi2 negara yang baik datang dan tampil lah dengan gentleman dan sampaikan maksud dan tujuan anda tentang omnibuslaw bukan malah bersifat seperti pecundang dengan alasan segudang bukankah ada yang lebih penting di yaitu rakyatmu,negative
sebelum menjadi asap kan udah dicegah jangan sampe jadi api awkwkwk aku tidak ngebela dpr yo memang mereka yang memulai ni semua tapi bayangin kalo kmu anarkis bahkan sampai ada korban nyawa dari orang terdekat mu terus apakah hukum omnibus law akan batal,negative
sejarah yang paling hebat adalah anggota dpr yang terhormat menyetujui ciptakerja omnibuslaw tanpa naskah gak tau apa isinya ditangan termasuk anda hebat kaliii imilah gambaran anggota wakil rakyat saat ini kerja tapi gak tau apa yang dikerjakan memutuskan sesuatu tnp tau apa isi,negative
sekarang bukalah mata saudara betapa sudah adanya tanda tanda sekarang ini bahwa indonesia akan segera menjadi negara maju dengan di sahkannya uu omnibus law,positive
selama ini masih ada komisi penilai amdal aja kerugiannya sebesar itu kalo omnibus law lolos komisi penilai amdal bakal dihapus sampai sini paham,negative
semoga dibuat infografis atau penjelasan tentang final draft nya ya pak terlepas uu nya bagaimana issue pro kontra omnibus law kan sudah lama kenapa tidak ada transparansi dari awal anggota dpr aja banyak yg gatau saat ditanya sosialisasinya kurang dan lambat,positive
semoga ke depan semakin baik mengubah karakter para pekerja baik yang positif dari omnibus law perbaiki kekurangannya,positive
semua harus tunduk atas nama kepentingan umum investasi masih menganggap remeh omnibus law dan anda berfikir ini tidak ada hubungannya dengan anda anda salah besar,negative
semua sudah disiapkan tidak akan ada kekuatan yang sanggup merubah biarpun itu secara kontitusi semua usaha akan mentah jika sampai ke mk pergerakan rakyat besar an serentak di seluruh daerah hanya itu yang sanggup merubah,negative
semua yang ada di negeri ini psti nyaa bkln di rampas secara paksa oleh cukong komunis mereka tlh berpatokan pd ruu omnibus law trsbt cpt atau lm negeri ini akn mnjd milik cukong komunis dan rakyat indonesia bkln mnjd jongos di negeri nyaa sendiri lawan atau diam jd jongos,negative
semua yang diomongkan orang itu cuman pemanis doank omnibuslaw itu melegalkan kontrak seumur hidup jika buruh baru 2 tahun trus di putus kontrak dari mana di dapat jaminan pensiun dan jht tidak ada kepastian dalam hal pekerjaan walaupun bekerja terus tapi kontrak,negative
setiap pembuatan ruu atau pengesahan uu itu ada harganya dan termasuk uu omnibuslaw yang tentunya mengemban misi para oligarki pengusaha yang disebut konglomerat hitam dan yang kuat bermain ya tentunya para taipan yang punya kepentingan besar direpublik ini hukum,negative
sinting emang sampai bisa disahin harusnya demo itu bisa disederhanakan kalo ketua dprd mau nemuin mahasiswa atau tidak ada itikad baik minta delegasi dari mahasiswa utk ketemu dengan ketua dprd dan membahas terkait kasus omnibus law itu,negative
soal uu cipta kerja ada sejumlah poin yang dinilai positif bagi buruh,positive
sudah nyata jelas bahwa kebijakan uu omnibus law adalah suatu pertaruhan perjuangan klas antara rakyat yang tertindas khususnya kaum buruh vs para kapitalis,negative
tentunya sjw tidak peduli menuntut omnibus law yang katanya demi rakyat tapi nyatanya banyak juga rakyat yang jadi korban dan yang parah adalah mereka tidak ada rasa bersalah justru merasa benar dan mewajarkan semua itu,negative
terlepas dari ava nya bukan berarti tidak ada buruh di sekitar kami bukan berarti kami tutup mata dan telinga alias asal tweet di sini serta bukan berarti tidak ada dari kami yang mencoba memahami omnibus law  r uu cipta kerja,negative
teruntuk penguasa dengarkan ingin rakyatmu cabut omnibus law karena perlu dikaji ulang dan pembenahan banyak pasal ngegantung tidak sesuai dan multitafsir,negative
tetep waspada buat besok yang kota nya masih ada perjuangan lawan pengesahan omnibus law banyak jurig pura  jadi mahasiswa ber almamater  hitam  pake waist bag versace kw pasar baru ,negative
tolong dukung uu omnibus law dan suarakan bahwa mimpi kita ingin indonesia maju,positive
turun aksi ke jalan tidak ada salah krn emng dlm pengesahannya aja kesannya kayak buru banget kayak ada yang ditutupin jdi wajar aj klo publik curiga tapi klo soal hoax itu emng ada di awal yang isi 12 poin penting yang hilang di omnibus law khususnya di bidang ketenagakerjaan,negative
udah pada nonton belom penjelasan presiden mengenai omnibuslaw yang lu org bilang kontroversi itu kalo tidak ada paket data cari wifi sana kalo belom ngerti jga bukan urusan gw,positive
undang undang cipta kerja menutup peluang masyarakat untuk protes atau keberatan terhadap dokumen analisis mengenai dak lingkungan hidup alias amdal pada suatu proyek sebab klausul itu sudah dihapus dalam omnibus law yang disahkan,negative
uu cipta kerja bahaya banget kalo sampai dibiarin lolos apalagi kalo endingnya cm berpangku tangan berharap jr ke mk secara kita tau pemerintah udah minta dukungan mk buat omnibus law dari awal mudah mudahan perjuangan kita bisa tetep berlanjut sampai bener2 dikeluarin perppu ya,positive
uu ciptaker omnibus law ini dibuat dengan penuh keterburu buruan patut diduga kuat ada kepentingan pihak pihak besar yang menginginkan agar uu ini segera disahkan mereka tentunya para kapitalis para pemegang modal para pihak pihak yang menginginkan ekstraksi penjajahan,negative
uu ciptaker produk gagal dari eksekutif dan legislatif kenapa gagal lihat bagaimana reaksi rakyat artinya ada yang dirugikan,negative
uu omnibus law tidak detail mengatur tentang aturan ketenagakerjaan dan banyak pasal yang di pangkas contohnya 15 uang perumahan dan kesehatan tidak ada di omnibus law dan tentang peraturan phk karyawan,negative
uu omnibuslaw yang penuh kebiadaban baik terhadap manusia hewan lingkungan hidup dan demokrasi di republik yang kita cintai bersama tidak layak utk ada lawan terus sampai titik darah terakhir,negative
viral di jagad maya para simpanan dari pria  hidung belang yang turut memprotes disahkannya omnibus law melalui akun medsos mereka masing  lalu kenapa mereka turut memprotes walaupun diantara mereka ada yang berstatus karyawan tetap atau outsourcing mereka juga dibayar per jam,negative
wajah brutal rejim bebal jokowi polisi berbagai daerah halangi bantuan hukum buat demonstran omnibus law yang ditahan,negative
walaupun sampai juga percuma omnibus law persyaratan hutang xin jinping omnibus law sampai berhasil banyak masuk investor china anjing,negative
waspada nkri tidak sedang baik baik saja nkri telah dikuasampai oleh kapitalisme oligarki opportunis dan ditunggangi komunis kembali kepada uud 1945 asli tolak ruu hip bpip cabut uu omnibus law cabut uu minerba dan bubarkan partai pemeras pancasila bubarkan bpip,negative
wujudkan indonesia maju melalui uu omnibus law,positive
ya karena buat uu omnibus law lah udah tau bermasalah masih dikerjain prosesnya cacat tutup telinga ke masyarakat kalo dari awal di stop juga tidak bakalan ada demo kok,negative
ya omnibus law ada positif negatifnya memang mas kalau logikanya selama bukan pengangguran  sih mungkin tidak bermasalah dengan uu baru ini,positive
yaudahlah biarin aj kenapa si yang penting mereka bersatu bersama sama menyatakan ketidakpuasan atas omnibus law walau niatnya begitu yang penting mereka hatinya ada walau itu sedikit rasa peduli akan masalah yang ada di negeri ini,negative
yg bener ditunggangi itu yang bikin mensahkan uu nya bung dah lama ngintel bung ngmg terbalik balik mulu pengamat intelijen curiga demo tolak omnibus law ditunggangi,positive
yg mana yang lbh benar membuat uu unt menghukum mati koruptor yang sudah di tunggu2 dr jaman pak harto hingga skrg tidak pernah ada atau memaksakan omnibus law yang sudah jelas2 di tolak oleh banyak kepala daerah dan rakyat indo seluruh nusantara obl di coret,negative
yg merasa kehilangan lahan dan diuntungkan dari sistem yang sedang berjalan pastinya berontak dan berusaha menggagalkan omnibus law dan uu cipta kerja ini sertifikasi halal yang tidak lagi hak penuh mui jg bkn sebagian orang mrs dirugikan sudahi kemunafikan  kenaifan istighfar,negative
yg rusuh itu oknum tidak jelas btw ada hasil nya ko banyak dprd yang menolak omnibus law dengan ttd diatas materai,negative
yok buat teman teman jangan malas membaca dan asal mendukung apa yang tersebar selama ini cukup banyak hoax mengenai omnibus law uu di mana mana skuy ini ada beberapa persandingan dari 900 lembaran tidak bisa sehari dibaca sih memang,positive
yth bpk presiden jokowi saya  keluarga besar saya mendukung sepenuhnya pengesahan uu cipta kerja omnibus law dari dulu saya  keluarga besar sy selalu dan tetap mendukung kepemimpinan bpk presiden hingga sekarang omnibus law amat bagus sangat berguna utk memajukan indonesia,positive
